{
  "name": [
    "0061.png",
    "0049.png",
    "0050.png",
    "0026.png",
    "0040.png",
    "0035.png",
    "0010.png",
    "0015.png",
    "0033.png",
    "0045.png",
    "0008.png",
    "0052.png",
    "0063.png",
    "0067.png",
    "0059.png",
    "0034.png",
    "0025.png",
    "0003.png",
    "0046.png",
    "0014.png",
    "0020.png",
    "0044.png",
    "0064.png",
    "0042.png",
    "0047.png",
    "0056.png",
    "0022.png",
    "0043.png",
    "0037.png",
    "0004.png",
    "0060.png",
    "0021.png",
    "0032.png",
    "0028.png",
    "0031.png",
    "0017.png",
    "0023.png",
    "0016.png",
    "0019.png",
    "0041.png",
    "0057.png",
    "0055.png",
    "0030.png",
    "0027.png",
    "0000.png",
    "0018.png",
    "0051.png",
    "0012.png",
    "0009.png",
    "0054.png",
    "0053.png",
    "0011.png",
    "0007.png",
    "0006.png",
    "0024.png",
    "0029.png",
    "0062.png",
    "0013.png",
    "0065.png",
    "0001.png",
    "0036.png",
    "0058.png",
    "0039.png",
    "0005.png",
    "0038.png",
    "0002.png",
    "0066.png",
    "0048.png"
  ],
  "real std": [
    50,
    50,
    50,
    50,
    50,
    50,
    50,
    50,
    50,
    50,
    50,
    50,
    50,
    50,
    50,
    50,
    50,
    50,
    50,
    50,
    50,
    50,
    50,
    50,
    50,
    50,
    50,
    50,
    50,
    50,
    50,
    50,
    50,
    50,
    50,
    50,
    50,
    50,
    50,
    50,
    50,
    50,
    50,
    50,
    50,
    50,
    50,
    50,
    50,
    50,
    50,
    50,
    50,
    50,
    50,
    50,
    50,
    50,
    50,
    50,
    50,
    50,
    50,
    50,
    50,
    50,
    50,
    50
  ],
  "detector std": [
    33.3580436706543,
    33.3580436706543,
    28.16901397705078,
    29.651594161987305,
    31.134174346923828,
    34.84062194824219,
    31.134174346923828,
    31.875463485717773,
    33.3580436706543,
    29.651594161987305,
    30.39288330078125,
    33.3580436706543,
    24.46256446838379,
    27.427724838256836,
    33.3580436706543,
    32.61675262451172,
    29.651594161987305,
    30.39288330078125,
    31.875463485717773,
    31.134174346923828,
    31.875463485717773,
    31.875463485717773,
    31.875463485717773,
    31.875463485717773,
    32.61675262451172,
    31.134174346923828,
    31.134174346923828,
    29.651594161987305,
    31.875463485717773,
    31.134174346923828,
    31.875463485717773,
    30.39288330078125,
    21.497406005859375,
    30.39288330078125,
    31.875463485717773,
    31.875463485717773,
    30.39288330078125,
    28.91030502319336,
    32.61675262451172,
    31.134174346923828,
    34.099334716796875,
    31.875463485717773,
    31.134174346923828,
    29.651594161987305,
    32.61675262451172,
    28.91030502319336,
    30.39288330078125,
    28.16901397705078,
    27.427724838256836,
    31.875463485717773,
    27.427724838256836,
    31.134174346923828,
    33.3580436706543,
    28.16901397705078,
    29.651594161987305,
    28.16901397705078,
    31.134174346923828,
    28.16901397705078,
    31.875463485717773,
    31.875463485717773,
    33.3580436706543,
    31.134174346923828,
    34.099334716796875,
    31.134174346923828,
    28.16901397705078,
    28.16901397705078,
    27.427724838256836,
    31.875463485717773
  ]
}