{
  "name": [
    "0061.png",
    "0049.png",
    "0050.png",
    "0026.png",
    "0040.png",
    "0035.png",
    "0010.png",
    "0015.png",
    "0033.png",
    "0045.png",
    "0008.png",
    "0052.png",
    "0063.png",
    "0067.png",
    "0059.png",
    "0034.png",
    "0025.png",
    "0003.png",
    "0046.png",
    "0014.png",
    "0020.png",
    "0044.png",
    "0064.png",
    "0042.png",
    "0047.png",
    "0056.png",
    "0022.png",
    "0043.png",
    "0037.png",
    "0004.png",
    "0060.png",
    "0021.png",
    "0032.png",
    "0028.png",
    "0031.png",
    "0017.png",
    "0023.png",
    "0016.png",
    "0019.png",
    "0041.png",
    "0057.png",
    "0055.png",
    "0030.png",
    "0027.png",
    "0000.png",
    "0018.png",
    "0051.png",
    "0012.png",
    "0009.png",
    "0054.png",
    "0053.png",
    "0011.png",
    "0007.png",
    "0006.png",
    "0024.png",
    "0029.png",
    "0062.png",
    "0013.png",
    "0065.png",
    "0001.png",
    "0036.png",
    "0058.png",
    "0039.png",
    "0005.png",
    "0038.png",
    "0002.png",
    "0066.png",
    "0048.png"
  ],
  "real std": [
    35,
    35,
    35,
    35,
    35,
    35,
    35,
    35,
    35,
    35,
    35,
    35,
    35,
    35,
    35,
    35,
    35,
    35,
    35,
    35,
    35,
    35,
    35,
    35,
    35,
    35,
    35,
    35,
    35,
    35,
    35,
    35,
    35,
    35,
    35,
    35,
    35,
    35,
    35,
    35,
    35,
    35,
    35,
    35,
    35,
    35,
    35,
    35,
    35,
    35,
    35,
    35,
    35,
    35,
    35,
    35,
    35,
    35,
    35,
    35,
    35,
    35,
    35,
    35,
    35,
    35,
    35,
    35
  ],
  "detector std": [
    23.721275329589844,
    24.46256446838379,
    20.75611686706543,
    22.9799861907959,
    22.9799861907959,
    27.427724838256836,
    22.9799861907959,
    24.46256446838379,
    25.945144653320312,
    22.23869514465332,
    23.721275329589844,
    25.203855514526367,
    18.532245635986328,
    20.75611686706543,
    23.721275329589844,
    23.721275329589844,
    22.23869514465332,
    22.9799861907959,
    24.46256446838379,
    22.9799861907959,
    22.9799861907959,
    23.721275329589844,
    23.721275329589844,
    22.9799861907959,
    23.721275329589844,
    23.721275329589844,
    23.721275329589844,
    22.23869514465332,
    23.721275329589844,
    22.9799861907959,
    23.721275329589844,
    22.9799861907959,
    15.567087173461914,
    22.9799861907959,
    22.9799861907959,
    23.721275329589844,
    22.23869514465332,
    21.497406005859375,
    22.9799861907959,
    22.23869514465332,
    26.68643569946289,
    22.9799861907959,
    22.9799861907959,
    22.9799861907959,
    23.721275329589844,
    21.497406005859375,
    22.23869514465332,
    20.75611686706543,
    20.01482582092285,
    22.9799861907959,
    20.01482582092285,
    23.721275329589844,
    25.203855514526367,
    20.75611686706543,
    22.23869514465332,
    20.75611686706543,
    22.9799861907959,
    20.75611686706543,
    23.721275329589844,
    23.721275329589844,
    24.46256446838379,
    23.721275329589844,
    25.203855514526367,
    22.9799861907959,
    20.75611686706543,
    20.75611686706543,
    19.273536682128906,
    24.46256446838379
  ]
}